{
  "lang":"en",
  "name":"pipeline",
  "version":"0.0.0",
  "spacy_version":">=3.1.4,<3.2.0",
  "description":"",
  "author":"",
  "email":"",
  "url":"",
  "license":"",
  "spacy_git_version":"006df1ae1",
  "vectors":{
    "width":0,
    "vectors":0,
    "keys":0,
    "name":null
  },
  "labels":{
    "tok2vec":[

    ],
    "ner":[
      "Address",
      "Blood Group",
      "DOB",
      "EmailID",
      "Ethnicity",
      "Gender",
      "Marital Status",
      "Name",
      "Phone",
      "SSN"
    ]
  },
  "pipeline":[
    "tok2vec",
    "ner"
  ],
  "components":[
    "tok2vec",
    "ner"
  ],
  "disabled":[

  ],
  "performance":{
    "ents_f":0.9147982063,
    "ents_p":0.9026548673,
    "ents_r":0.9272727273,
    "ents_per_type":{
      "Name":{
        "p":0.7272727273,
        "r":0.7272727273,
        "f":0.7272727273
      },
      "Gender":{
        "p":0.9166666667,
        "r":1.0,
        "f":0.9565217391
      },
      "DOB":{
        "p":1.0,
        "r":0.9090909091,
        "f":0.9523809524
      },
      "SSN":{
        "p":0.9090909091,
        "r":1.0,
        "f":0.9523809524
      },
      "Marital Status":{
        "p":1.0,
        "r":1.0,
        "f":1.0
      },
      "Ethnicity":{
        "p":0.9090909091,
        "r":0.9090909091,
        "f":0.9090909091
      },
      "EmailID":{
        "p":0.8181818182,
        "r":0.8181818182,
        "f":0.8181818182
      },
      "Phone":{
        "p":0.9230769231,
        "r":1.0,
        "f":0.96
      },
      "Blood Group":{
        "p":0.9090909091,
        "r":0.9090909091,
        "f":0.9090909091
      },
      "Address":{
        "p":0.9166666667,
        "r":1.0,
        "f":0.9565217391
      }
    },
    "tok2vec_loss":291.6720076069,
    "ner_loss":415.1932314705
  }
}